id,title,url,published_date,accessed_date,geography,source_type,claim,sample_or_scope,limitations,confidence (in supported claim),company_reported
M01,Weight Watchers partners with Pvolve,https://corporate.ww.com/news/news-details/2026/Weight-Watchers-Partners-with-PVOLVE-to-Deliver-Clinically-Validated-Strength-Workouts-to-Members-in-the-GLP-1-Era/default.aspx,2026-02-10,2026-09-12,US offer,Primary company announcement,"Pvolve classes added across WW tiers with menopause and GLP-1 series; full library and equipment are discounted extras.",Public offer,"Announcement does not establish use; clinical marketing claims not accepted as causal evidence for coordination.",High for announced offer,Yes
M02,How to Work Out With Weight Watchers,https://www.weightwatchers.com/us/blog/weight-watchers-workouts,2026-06-22,2026-09-12,US,Primary company operating guide,"Core includes 10 Pvolve videos; higher listed tiers include 30; full library extra and eligible tiers receive live fitness workshops.",US membership features,"Not hands-on verification; does not demonstrate cross-domain schedule adaptation.",High for described entitlements,Yes
M03,Weight Watchers Second Quarter 2026 Results,https://corporate.ww.com/news/news-details/2026/Weight-Watchers-Announces-Second-Quarter-2026-Results/,2026-08-05,2026-09-12,Company-owned operations across markets,Primary company financial disclosure,"June subscribers 2.489m down 21.4% YoY; behavioral down 24.6%; Core+ 541k up 13.9%; Q2 behavioral monthly ARPU $17.04.",Quarter ended 2026-06-30,"Unaudited operating metrics; not US-only or midlife-specific; net subscribers not cohort churn; no connection attribution.",High for disclosed aggregate metrics,Yes
M04,Menopause care that works - Respin solutions,https://www.respin.health/solutions,Undated,2026-09-12,US-directed offer,Primary company pricing and product page,"Free tier; $20/month personalized lifestyle Base; $45/month group-supported Coaching; clinic and private sessions extra.",Publicly indexed current offer,"Search returned primary-page text; direct open rendered only an iframe; checkout and delivery not tested; no sales or renewal figures.",High for indexed listed offer; medium for checkout equivalence,Yes
M05,Learn why our approach works - Respin Health,https://www.respin.health/learn,Undated,2026-09-12,US-directed service; pilot geography undisclosed,Primary company product and pilot disclosure,"Addresses daily routines and energy to restart exercise; pilot enrolled 230 women over eight weeks and 59% completed final assessment.",Company pilot across menopausal stages,"Questionnaire completion is not paid retention; uncontrolled disclosed design; payment status and US composition unknown; indexed page retrieval.",High for company disclosure; low for efficacy inference,Yes
M06,Noom launches free GLP-1 Companion,https://www.noom.com/in-the-news/noom-launches-free-version-of-its-powerful-glp-1-companion/,2026-06-24,2026-09-12,US-directed announcement; geography eligibility not exhaustively tested,Primary company launch announcement,"Free GLP-1 Companion regardless of medication provider includes protein targets meal logging FitOn workouts and medication reminders.",GLP-1 users; publicly described free offer,"Not entire midlife population; no hands-on assessment; cited weight-loss studies are not paid retention of free companion.",High for launch and advertised features,Yes
M07,Hailey Happens Fitness membership,https://www.haileyhappensfitness.com/hhfmembership,Undated,2026-09-12,US dollar offer; international availability,Primary company pricing and product page,"$35/month or $279/year for 50+ plans with travel return-from-time-off and flexible training phases.",Available subscription offer,"Price does not establish purchases; no commercial retention cohort; no direct comparative coordination test.",High for listed price and features,Yes
M08,HHF 1:1 Coaching Services,https://help.haileyhappensfitness.com/en/articles/13310543-1-1-coaching-services-what-s-available-how-to-book,2026-05-26,2026-09-12,US dollar offer; remote services,Primary company support documentation,"$75 year-planning consultation; combined nutrition/training coaching $400/month with three-month commitment and recurring contact.",Available private service menu,"No volume or renewal evidence; does not establish staffing cost or founder ability to provide comparable expertise.",High for service menu,Yes
M09,Ladder Pricing,https://www.joinladder.com/pricing,Undated,2026-09-12,US dollar offer; broader geography unspecified,Primary company pricing page,"$29.99/month or $179.99/year; weekly expert plans guidance progress record and team support.",Public paid offer,"No purchases proven by price page; no midlife cohort; app and checkout not tested.",High for listed price,Yes
M10,Ladder Your Daily Workout Plan,https://www.joinladder.com/,Undated,2026-09-12,US-based service; broader reach,Primary company product page,"Current product includes nutrition logging alongside workouts and strength progress.",Current public feature description,"Co-location does not establish adaptive cross-domain planning or estimation accuracy.",High for advertised inclusion,Yes
M11,Building the World's Best Fitness App,https://colossus.com/episode/building-the-worlds-best-fitness-app/,2026-01-13,2026-09-12,US-based business; customer geography undisclosed,Primary interview with interested-party introduction,"Host reports Ladder approaching $100m ARR and more than 300000 paying members and discloses investment.",Company-wide figures in interview introduction,"Not audited; introduction claim by investor host rather than independently verified financials; no sex age geography or retained cohort split; full transcript gated.",Moderate for reported payment scale,Interested-party host; not independently audited
M12,Nutrition feature questions - r/ladderapp,https://www.reddit.com/r/ladderapp/comments/1t3grj9/nutrition_feature_questions/,2026-05-04,2026-09-12,Unknown; not verified US,Primary customer discussion,"Poster discusses family recipe portions and cost cutting; replies describe replacing MFP with Ladder and intent not to renew.",One poster and three visible top-level replies; comments May 4-5,"Self-selected unverified accounts; payment records age menopause and geography unknown; dates from indexed timestamps; not dual-paid cohort retention.",Moderate that accounts describe this friction; low generalizability,No
M13,Year I paid for professional coaching made least progress,https://www.reddit.com/r/Menopause/comments/1901a7j,2024-01-06,2026-09-12,Unknown; not verified US,Primary customer anecdote via search index,"Self-described 47-year-old reports thousands spent on two exercise/nutrition coaches with persistent stress and stopping/starting.",One self-reported customer,"Direct open failed; indexed post text available; no billing verification; two coaches may be sequential; old anecdote and unknown geography; no app willingness to pay.",Moderate for indexed self-report; low generalizability,No
M14,NBHWC Scope Of Practice,https://nbhwc.org/scope-of-practice/,Undated,2026-09-12,US professional credentialing context,Primary professional scope standard,"Coaching alone excludes diagnosis medical-data interpretation individualized nutrition meal plans and exercise prescription; additional relevant qualifications permit their own scope.",Health and wellness coaching scope,"Professional standard not exhaustive state law; does not itself classify a proposed product or resolve all professional qualifications.",High for stated professional boundary,No
M15,Has anyone had success following Ladder Nutrition macros,https://www.reddit.com/r/ladderapp/comments/1vwiey1/has_anyone_had_success_following_ladders/,2026-08-23,2026-09-12,Unknown; not verified US,Primary customer discussion,"Selected accounts describe repeated estimation problems and switch to MacroFactor; another reports six months of nutrition use.",Small self-selected thread; selected contrasting commenters; indexed Aug 23-27,"Unverified users and outcomes; not controlled accuracy study; age geography and payment unknown; no commercial cohort denominator.",Moderate for reports; low for prevalence or comparative accuracy,No
